<?xml version="1.0" encoding="utf-8"?>
<layer-list xmlns:android="http://schemas.android.com/apk/res/android" xmlns:app="http://schemas.android.com/apk/res-auto" xmlns:aapt="http://schemas.android.com/aapt">
    <item android:id="@android:id/background">
        <shape>
            <solid android:color="#4c000000"/>
            <size android:height="4dp"/>
            <corners android:radius="1dp"/>
        </shape>
    </item>
    <item android:id="@android:id/secondaryProgress">
        <clip>
            <shape>
                <solid android:color="#ffe0e0e0"/>
                <size android:height="4dp"/>
                <corners android:radius="1dp"/>
            </shape>
        </clip>
    </item>
    <item android:id="@android:id/progress">
        <clip>
            <shape>
                <solid android:color="@color/style_color"/>
                <size android:height="4dp"/>
                <corners android:radius="1dp"/>
            </shape>
        </clip>
    </item>
</layer-list>
