<?xml version="1.0" encoding="utf-8"?>
<layer-list xmlns:android="http://schemas.android.com/apk/res/android" xmlns:app="http://schemas.android.com/apk/res-auto" xmlns:aapt="http://schemas.android.com/aapt">
    <item android:gravity="center" android:top="5dp">
        <shape android:shape="rectangle">
            <solid android:color="@color/ota_state_success"/>
            <size android:height="50dp" android:width="3dp"/>
        </shape>
    </item>
    <item android:gravity="top|center_vertical|center_horizontal|center" android:top="1dp">
        <shape android:shape="oval">
            <solid android:color="@color/ota_state_success"/>
            <size android:height="14dp" android:width="14dp"/>
        </shape>
    </item>
</layer-list>
