<?xml version="1.0" encoding="utf-8"?>
<RelativeLayout xmlns:android="http://schemas.android.com/apk/res/android" xmlns:app="http://schemas.android.com/apk/res-auto" xmlns:aapt="http://schemas.android.com/aapt" android:layout_width="match_parent" android:layout_height="match_parent">
    <androidx.cardview.widget.CardView android:orientation="vertical" android:layout_width="match_parent" android:layout_height="wrap_content" app:cardBackgroundColor="@color/white" app:cardCornerRadius="5dp">
        <LinearLayout android:orientation="vertical" android:layout_width="match_parent" android:layout_height="wrap_content" android:minWidth="280dp">
            <TextView android:textSize="16sp" android:textColor="#9e9e9e" android:gravity="center" android:id="@+id/download_title" android:background="@drawable/rectangle_alert_bg_cover" android:layout_width="match_parent" android:layout_height="48dp" android:text="@string/txt_app_version_update_tip"/>
            <TextView android:textSize="@dimen/text_size_14" android:textColor="#9e9e9e" android:gravity="center" android:id="@+id/download_progressBar" android:layout_width="match_parent" android:layout_height="48dp" android:text="@string/txt_app_version_update_content_tip"/>
            <androidx.appcompat.widget.LinearLayoutCompat android:orientation="horizontal" android:layout_width="match_parent" android:layout_height="48dp" app:divider="@drawable/btn_divider" app:showDividers="middle">
                <androidx.appcompat.widget.AppCompatButton android:textSize="@dimen/text_size_14" android:textColor="@drawable/selector_alert_ota_no_text_color" android:gravity="center" android:id="@+id/btn_ignore" android:background="@drawable/selector_alert_bt_left" android:layout_width="0dp" android:layout_height="match_parent" android:text="@string/download_4k_ignore" android:layout_weight="1" android:stateListAnimator="@null"/>
                <androidx.appcompat.widget.AppCompatButton android:textSize="@dimen/text_size_14" android:textColor="@drawable/selector_alert_ota_yes_text_color" android:gravity="center" android:id="@+id/btn_update" android:background="@drawable/selector_alert_bt_right" android:layout_width="0dp" android:layout_height="match_parent" android:text="@string/txt_app_version_update_btn_start" android:layout_weight="1" android:stateListAnimator="@null"/>
            </androidx.appcompat.widget.LinearLayoutCompat>
        </LinearLayout>
    </androidx.cardview.widget.CardView>
</RelativeLayout>
