<?xml version="1.0" encoding="utf-8"?>
<androidx.cardview.widget.CardView xmlns:android="http://schemas.android.com/apk/res/android" xmlns:app="http://schemas.android.com/apk/res-auto" xmlns:aapt="http://schemas.android.com/aapt" android:layout_width="match_parent" android:layout_height="wrap_content" app:cardCornerRadius="5dp">
    <LinearLayout android:orientation="vertical" android:background="@drawable/rectangle_alert_bg" android:clipChildren="true" android:layout_width="match_parent" android:layout_height="wrap_content">
        <TextView android:textSize="18sp" android:textColor="@color/font_alert_title" android:gravity="center" android:id="@+id/alert_title" android:background="@drawable/rectangle_alert_bg_cover" android:paddingTop="15dp" android:paddingBottom="15dp" android:visibility="gone" android:layout_width="match_parent" android:layout_height="wrap_content" android:paddingStart="12dp" android:paddingEnd="12dp"/>
        <TextView android:textSize="12sp" android:textColor="@color/font_alert_title" android:gravity="center" android:id="@+id/alert_content_msg" android:background="@color/white" android:paddingBottom="12dp" android:visibility="gone" android:layout_width="match_parent" android:layout_height="wrap_content" android:paddingStart="12dp" android:paddingEnd="12dp"/>
        <FrameLayout android:id="@+id/alert_content" android:background="@color/white" android:layout_width="match_parent" android:layout_height="wrap_content"/>
        <LinearLayout android:orientation="horizontal" android:background="@drawable/rectangle_alert_bt_wrap" android:layout_width="match_parent" android:layout_height="wrap_content" android:layout_marginTop="0.5dp">
            <TextView android:textSize="13sp" android:textColor="@drawable/selector_alert_text_color" android:gravity="center" android:id="@+id/alert_cancel" android:background="@drawable/selector_alert_bt_left" android:focusable="true" android:clickable="true" android:layout_width="0dp" android:layout_height="44dp" android:text="@string/cancel" android:layout_weight="1" android:layout_marginEnd="0.5dp"/>
            <TextView android:textSize="13sp" android:textColor="@drawable/selector_alert_text_color" android:gravity="center" android:id="@+id/alert_sure" android:background="@drawable/selector_alert_bt_right" android:focusable="true" android:clickable="true" android:layout_width="0dp" android:layout_height="44dp" android:text="@string/sure" android:layout_weight="1" android:layout_marginStart="0.5dp"/>
        </LinearLayout>
    </LinearLayout>
</androidx.cardview.widget.CardView>
