<?xml version="1.0" encoding="utf-8"?>
<RelativeLayout xmlns:android="http://schemas.android.com/apk/res/android" xmlns:app="http://schemas.android.com/apk/res-auto" xmlns:aapt="http://schemas.android.com/aapt" android:background="@android:color/black" android:layout_width="match_parent" android:layout_height="match_parent">
    <RelativeLayout android:gravity="center" android:id="@+id/surface_container" android:layout_width="match_parent" android:layout_height="match_parent"/>
    <RelativeLayout android:id="@+id/thumb" android:background="#000000" android:layout_width="match_parent" android:layout_height="match_parent" android:scaleType="fitCenter" android:layout_alignParentLeft="true" android:layout_alignParentTop="true" android:layout_alignParentRight="true" android:layout_alignParentBottom="true" android:layout_alignParentStart="true" android:layout_alignParentEnd="true"/>
    <LinearLayout android:gravity="center_vertical" android:orientation="horizontal" android:id="@+id/layout_bottom" android:background="@color/colorPrimary" android:visibility="visible" android:layout_width="match_parent" android:layout_height="40dp" android:layout_alignParentBottom="true">
        <ImageView android:id="@+id/iv_small_state" android:layout_width="wrap_content" android:layout_height="wrap_content" android:layout_marginLeft="12dp"/>
        <TextView android:textColor="#ffffff" android:id="@+id/current" android:layout_width="wrap_content" android:layout_height="wrap_content" android:layout_marginLeft="12dp" android:text="00:00"/>
        <TextView android:textColor="#ffffff" android:layout_width="wrap_content" android:layout_height="wrap_content" android:text="/"/>
        <TextView android:textColor="#ffffff" android:id="@+id/total" android:layout_width="wrap_content" android:layout_height="wrap_content" android:text="00:00"/>
        <SeekBar android:id="@+id/progress" android:layout_width="0dp" android:layout_height="wrap_content" android:maxHeight="4dp" android:max="100" android:progressDrawable="@drawable/seekbar_player" android:minHeight="4dp" android:thumb="@drawable/circle_seekbar_thumb" android:layout_weight="1" android:layout_marginEnd="5dp" style="?android:attr/progressBarStyleHorizontal"/>
        <ImageView android:id="@+id/fullscreen" android:paddingRight="16dp" android:layout_width="wrap_content" android:layout_height="match_parent" android:src="@drawable/video_enlarge" android:scaleType="center"/>
    </LinearLayout>
    <ImageView android:id="@+id/back_tiny" android:visibility="gone" android:layout_width="24dp" android:layout_height="24dp" android:layout_marginLeft="6dp" android:layout_marginTop="6dp"/>
    <LinearLayout android:gravity="center_vertical" android:id="@+id/layout_top_view" android:background="@color/colorPrimary" android:visibility="gone" android:layout_width="match_parent" android:layout_height="48dp">
        <ImageView android:id="@+id/back" android:paddingLeft="10dp" android:visibility="gone" android:layout_width="48dp" android:layout_height="48dp" android:src="@drawable/video_back" android:scaleType="centerInside"/>
        <TextView android:textSize="18sp" android:textColor="@android:color/white" android:gravity="center" android:id="@+id/title" android:paddingLeft="10dp" android:layout_width="0dp" android:layout_height="wrap_content" android:layout_weight="1"/>
    </LinearLayout>
    <ProgressBar android:id="@+id/loading" android:visibility="invisible" android:layout_width="45dp" android:layout_height="45dp" android:layout_centerHorizontal="true" android:layout_centerVertical="true" style="?android:attr/progressBarStyle"/>
    <ImageView android:layout_gravity="center_vertical" android:id="@+id/start" android:layout_width="60dp" android:layout_height="60dp" android:layout_centerHorizontal="true" android:layout_centerVertical="true"/>
</RelativeLayout>
