<?xml version="1.0" encoding="utf-8"?>
<RelativeLayout xmlns:android="http://schemas.android.com/apk/res/android" xmlns:app="http://schemas.android.com/apk/res-auto" xmlns:aapt="http://schemas.android.com/aapt" android:background="@android:color/black" android:layout_width="match_parent" android:layout_height="match_parent">
    <RelativeLayout android:gravity="center" android:id="@+id/surface_container" android:layout_width="match_parent" android:layout_height="match_parent"/>
    <RelativeLayout android:gravity="center" android:id="@+id/widget_container" android:layout_width="match_parent" android:layout_height="match_parent">
        <RelativeLayout android:id="@+id/thumb" android:background="#000000" android:layout_width="match_parent" android:layout_height="match_parent" android:scaleType="fitCenter" android:layout_alignParentLeft="true" android:layout_alignParentTop="true" android:layout_alignParentRight="true" android:layout_alignParentBottom="true" android:layout_alignParentStart="true" android:layout_alignParentEnd="true"/>
        <ProgressBar android:id="@+id/bottom_progressbar" android:layout_width="match_parent" android:layout_height="1.5dp" android:max="100" android:progressDrawable="@drawable/video_progress" android:layout_alignParentBottom="true" style="?android:attr/progressBarStyleHorizontal"/>
        <ImageView android:id="@+id/back_tiny" android:visibility="gone" android:layout_width="24dp" android:layout_height="24dp" android:layout_marginLeft="6dp" android:layout_marginTop="6dp"/>
        <LinearLayout android:gravity="center_vertical" android:id="@+id/layout_top" android:background="@drawable/video_title_bg" android:layout_width="match_parent" android:layout_height="48dp">
            <ImageView android:id="@+id/back" android:paddingLeft="10dp" android:layout_width="48dp" android:layout_height="48dp" android:src="@drawable/video_back" android:scaleType="centerInside"/>
            <TextView android:textSize="18sp" android:textColor="@android:color/white" android:id="@+id/title" android:paddingLeft="10dp" android:layout_width="wrap_content" android:layout_height="wrap_content"/>
        </LinearLayout>
        <moe.codeest.enviews.ENDownloadView android:id="@+id/loading" android:visibility="invisible" android:layout_width="28dp" android:layout_height="28dp" android:layout_centerHorizontal="true" android:layout_centerVertical="true"/>
        <ImageView android:layout_gravity="center_vertical" android:id="@+id/start" android:layout_width="60dp" android:layout_height="60dp" android:src="@drawable/video_click_play_selector" android:layout_centerHorizontal="true" android:layout_centerVertical="true"/>
        <ImageView android:id="@+id/small_close" android:paddingLeft="10dp" android:paddingTop="10dp" android:visibility="gone" android:layout_width="30dp" android:layout_height="30dp" android:src="@drawable/video_small_close" android:scaleType="centerInside"/>
        <ImageView android:id="@+id/lock_screen" android:visibility="gone" android:layout_width="30dp" android:layout_height="30dp" android:layout_marginRight="50dp" android:src="@drawable/unlock" android:scaleType="centerInside" android:layout_alignParentRight="true" android:layout_centerVertical="true"/>
    </RelativeLayout>
    <LinearLayout android:gravity="center_vertical" android:orientation="horizontal" android:id="@+id/layout_bottom" android:background="@color/bottom_container_bg" android:visibility="invisible" android:layout_width="match_parent" android:layout_height="40dp" android:layout_alignParentBottom="true">
        <TextView android:textColor="#ffffff" android:id="@+id/current" android:layout_width="wrap_content" android:layout_height="wrap_content" android:layout_marginLeft="16dp" android:text="00:00"/>
        <SeekBar android:layout_gravity="center_vertical" android:id="@+id/progress" android:background="@null" android:paddingTop="8dp" android:paddingBottom="8dp" android:layout_width="0dp" android:layout_height="wrap_content" android:maxHeight="4dp" android:max="100" android:progressDrawable="@drawable/video_seek_progress" android:minHeight="4dp" android:thumb="@drawable/video_seek_thumb" android:layout_weight="1"/>
        <TextView android:textColor="#ffffff" android:id="@+id/total" android:layout_width="wrap_content" android:layout_height="wrap_content" android:layout_marginRight="16dp" android:text="00:00"/>
        <ImageView android:id="@+id/fullscreen" android:paddingRight="16dp" android:layout_width="wrap_content" android:layout_height="match_parent" android:src="@drawable/video_enlarge" android:scaleType="center"/>
    </LinearLayout>
    <TextView android:textColor="#ffffff" android:id="@+id/jump_ad" android:background="@drawable/video_jump_btn_bg" android:paddingLeft="10dp" android:paddingTop="4dp" android:paddingRight="10dp" android:paddingBottom="4dp" android:visibility="gone" android:layout_width="wrap_content" android:layout_height="wrap_content" android:layout_marginTop="20dp" android:layout_marginRight="20dp" android:text="@string/jump_ad" android:layout_alignParentRight="true"/>
    <TextView android:textColor="#ffffff" android:id="@+id/ad_time" android:background="@drawable/video_jump_btn_bg" android:paddingLeft="10dp" android:paddingTop="4dp" android:paddingRight="10dp" android:paddingBottom="4dp" android:visibility="gone" android:layout_width="wrap_content" android:layout_height="wrap_content" android:layout_marginLeft="20dp" android:layout_marginTop="20dp" android:text="00" android:layout_alignParentLeft="true"/>
</RelativeLayout>
