<?xml version="1.0" encoding="utf-8"?>
<LinearLayout xmlns:android="http://schemas.android.com/apk/res/android" xmlns:app="http://schemas.android.com/apk/res-auto" xmlns:aapt="http://schemas.android.com/aapt" android:orientation="vertical" android:layout_width="match_parent" android:layout_height="match_parent">
    <View android:id="@+id/status_bar" android:background="@color/colorPrimary" android:layout_width="match_parent" android:layout_height="1dp"/>
    <FrameLayout android:layout_width="match_parent" android:layout_height="match_parent">
        <LinearLayout android:orientation="vertical" android:layout_width="match_parent" android:layout_height="match_parent">
            <com.zmx.lib.widget.AppToolbar android:id="@+id/toolbar" android:layout_width="match_parent" android:layout_height="@dimen/actionBarHeight" app:toolbar_background="@color/colorPrimary" app:toolbar_show_elevation="false" app:toolbar_title="@string/setting_dvr"/>
            <androidx.recyclerview.widget.RecyclerView android:orientation="vertical" android:id="@+id/recycler_view_setting_list" android:layout_width="match_parent" android:layout_height="match_parent" app:layoutManager="androidx.recyclerview.widget.LinearLayoutManager"/>
        </LinearLayout>
        <FrameLayout android:id="@+id/fl_view" android:background="#29000000" android:visibility="gone" android:layout_width="match_parent" android:layout_height="match_parent"/>
    </FrameLayout>
</LinearLayout>
