<?xml version="1.0" encoding="utf-8"?>
<LinearLayout xmlns:android="http://schemas.android.com/apk/res/android" xmlns:app="http://schemas.android.com/apk/res-auto" xmlns:aapt="http://schemas.android.com/aapt" android:orientation="vertical" android:background="@android:color/black" android:layout_width="match_parent" android:layout_height="match_parent">
    <View android:id="@+id/status_bar" android:background="@android:color/black" android:layout_width="match_parent" android:layout_height="1dp"/>
    <androidx.constraintlayout.widget.ConstraintLayout android:layout_width="match_parent" android:layout_height="match_parent">
        <com.youqing.app.lib.player.view.YQCropVideoView android:id="@+id/video_view_trimmer" android:layout_width="match_parent" android:layout_height="match_parent" android:layout_centerInParent="true" app:layout_constraintTop_toTopOf="0"/>
        <TextView android:textSize="12sp" android:textColor="@android:color/white" android:gravity="center" android:id="@+id/tv_start_time" android:layout_width="wrap_content" android:layout_height="wrap_content" android:layout_marginBottom="5dp" android:layout_marginStart="25dp" app:layout_constraintBottom_toTopOf="@+id/video_crop_view_bar" app:layout_constraintStart_toStartOf="0"/>
        <TextView android:textSize="12sp" android:textColor="@android:color/white" android:gravity="center" android:id="@+id/tv_end_time" android:layout_width="wrap_content" android:layout_height="wrap_content" android:layout_marginBottom="5dp" android:layout_marginEnd="25dp" app:layout_constraintBottom_toTopOf="@+id/video_crop_view_bar" app:layout_constraintEnd_toEndOf="0"/>
        <com.youqing.app.lib.media.view.VideoCutViewBar android:id="@+id/video_crop_view_bar" android:background="@color/video_cut_bar_background" android:layout_width="match_parent" android:layout_height="50dp" android:layout_marginBottom="10dp" android:layout_marginStart="25dp" android:layout_marginEnd="25dp" app:layout_constraintBottom_toTopOf="@+id/frameLayout"/>
        <FrameLayout android:orientation="horizontal" android:id="@+id/frameLayout" android:visibility="visible" android:layout_width="match_parent" android:layout_height="50dp" app:layout_constraintBottom_toBottomOf="0" app:layout_constraintEnd_toEndOf="0" app:layout_constraintStart_toStartOf="0">
            <Button android:textSize="16sp" android:textColor="@android:color/white" android:gravity="center" android:layout_gravity="start" android:id="@+id/cancelBtn" android:background="@android:color/transparent" android:padding="10dp" android:layout_width="wrap_content" android:layout_height="match_parent" android:text="@string/back"/>
            <Button android:textSize="16sp" android:textColor="@android:color/white" android:gravity="center" android:layout_gravity="right" android:id="@+id/finishBtn" android:background="@android:color/transparent" android:padding="10dp" android:layout_width="wrap_content" android:layout_height="match_parent" android:text="@string/finish"/>
        </FrameLayout>
        <Button android:textSize="16sp" android:textColor="@android:color/white" android:gravity="center" android:layout_gravity="right" android:id="@+id/btn_skip" android:background="@android:color/transparent" android:padding="10dp" android:layout_width="wrap_content" android:layout_height="wrap_content" android:text="@string/skip" app:layout_constraintEnd_toEndOf="0" app:layout_constraintTop_toTopOf="0"/>
    </androidx.constraintlayout.widget.ConstraintLayout>
</LinearLayout>
