<?xml version="1.0" encoding="utf-8"?>
<LinearLayout xmlns:android="http://schemas.android.com/apk/res/android" xmlns:app="http://schemas.android.com/apk/res-auto" xmlns:aapt="http://schemas.android.com/aapt" android:orientation="vertical" android:layout_width="match_parent" android:layout_height="match_parent">
    <View android:id="@+id/status_bar" android:background="@color/colorPrimary" android:layout_width="match_parent" android:layout_height="1dp"/>
    <com.zmx.lib.widget.AppToolbar android:id="@+id/toolbar" android:layout_width="match_parent" android:layout_height="@dimen/toolbar_height" app:toolbar_background="@color/colorPrimary" app:toolbar_show_elevation="false" app:toolbar_title="@string/app_name">
        <androidx.appcompat.widget.AppCompatImageButton android:layout_gravity="end" android:id="@+id/btn_device_setting" android:layout_width="41dp" android:layout_height="match_parent" android:src="@drawable/selector_dvr_setting" style="?attr/borderlessButtonStyle"/>
    </com.zmx.lib.widget.AppToolbar>
    <androidx.constraintlayout.widget.ConstraintLayout android:layout_width="match_parent" android:layout_height="match_parent">
        <com.youqing.app.lib.player.view.YQLiveVideoView android:id="@+id/live_video" android:background="@android:color/black" android:layout_width="match_parent" android:layout_height="0dp" app:layout_constraintDimensionRatio="16:9" app:layout_constraintEnd_toEndOf="0" app:layout_constraintStart_toStartOf="0" app:layout_constraintTop_toTopOf="0"/>
        <FrameLayout android:id="@+id/dvr_rec_status_container" android:background="@color/colorPrimary" android:padding="5dp" android:layout_width="match_parent" android:layout_height="48dp" app:layout_constraintEnd_toEndOf="0" app:layout_constraintStart_toStartOf="0" app:layout_constraintTop_toBottomOf="@+id/live_video">
            <androidx.appcompat.widget.AppCompatImageButton android:layout_gravity="left|center_vertical|center_horizontal|center|start" android:id="@+id/btn_change_camera" android:background="@drawable/selector_dvr_pip" android:visibility="invisible" android:layout_width="30dp" android:layout_height="30dp"/>
            <androidx.appcompat.widget.AppCompatImageButton android:enabled="false" android:layout_gravity="center" android:id="@+id/dvr_rec_toggle" android:background="@drawable/selector_rec_status" android:layout_width="wrap_content" android:layout_height="wrap_content"/>
            <androidx.appcompat.widget.AppCompatImageButton android:layout_gravity="right|center_vertical|center_horizontal|center|end" android:id="@+id/btn_full_screen" android:background="@drawable/icon_player_full" android:layout_width="30dp" android:layout_height="30dp"/>
        </FrameLayout>
        <LinearLayout android:gravity="center" android:orientation="horizontal" android:id="@+id/ll_control_view" android:layout_width="match_parent" android:layout_height="0dp" app:layout_constraintBottom_toBottomOf="0" app:layout_constraintTop_toBottomOf="@+id/dvr_rec_status_container">
            <androidx.appcompat.widget.AppCompatImageButton android:id="@+id/btn_remote_media" android:background="@drawable/selector_dvr_photo_door" android:layout_width="wrap_content" android:layout_height="wrap_content"/>
            <androidx.appcompat.widget.AppCompatImageButton android:id="@+id/btn_taking_picture" android:background="@drawable/selector_dvr_take_photo" android:layout_width="wrap_content" android:layout_height="wrap_content" android:layout_marginStart="57dp"/>
        </LinearLayout>
    </androidx.constraintlayout.widget.ConstraintLayout>
</LinearLayout>
