<?xml version="1.0" encoding="utf-8"?>
<RelativeLayout xmlns:android="http://schemas.android.com/apk/res/android" xmlns:app="http://schemas.android.com/apk/res-auto" xmlns:aapt="http://schemas.android.com/aapt" android:layout_width="match_parent" android:layout_height="match_parent">
    <androidx.cardview.widget.CardView android:orientation="vertical" android:layout_width="match_parent" android:layout_height="wrap_content" app:cardBackgroundColor="@color/white" app:cardCornerRadius="5dp">
        <LinearLayout android:orientation="vertical" android:layout_width="match_parent" android:layout_height="wrap_content" android:minWidth="280dp">
            <TextView android:textSize="@dimen/text_size_14" android:textColor="#000000" android:gravity="center" android:layout_width="match_parent" android:layout_height="90dp" android:text="@string/txt_app_latest_version"/>
            <androidx.cardview.widget.CardView android:layout_width="match_parent" android:layout_height="48dp" app:cardCornerRadius="0dp" app:cardElevation="6dp">
                <androidx.appcompat.widget.AppCompatButton android:textSize="@dimen/text_size_14" android:textColor="@drawable/selector_alert_ota_yes_text_color" android:gravity="center" android:id="@+id/btn_done" android:background="@drawable/selector_alert_bt_one" android:layout_width="match_parent" android:layout_height="48dp" android:text="@string/sure" android:stateListAnimator="@null"/>
            </androidx.cardview.widget.CardView>
        </LinearLayout>
    </androidx.cardview.widget.CardView>
</RelativeLayout>
