<?xml version="1.0" encoding="utf-8"?>
<LinearLayout xmlns:android="http://schemas.android.com/apk/res/android" xmlns:app="http://schemas.android.com/apk/res-auto" xmlns:aapt="http://schemas.android.com/aapt" android:orientation="vertical" android:background="@color/white" android:layout_width="match_parent" android:layout_height="match_parent">
    <View android:id="@+id/status_bar" android:background="@color/colorPrimary" android:layout_width="match_parent" android:layout_height="1dp"/>
    <com.zmx.lib.widget.AppToolbar android:id="@+id/toolbar" android:layout_width="match_parent" android:layout_height="@dimen/actionBarHeight" app:toolbar_background="@color/colorPrimary" app:toolbar_show_elevation="false"/>
    <RadioGroup android:orientation="vertical" android:id="@+id/radio_group_map_switch" android:layout_width="match_parent" android:layout_height="wrap_content" android:divider="@drawable/setting_divider" android:showDividers="none|middle|end">
        <RadioButton android:textSize="12sp" android:id="@+id/switch_auto" android:paddingLeft="12dp" android:paddingRight="12dp" android:layout_width="match_parent" android:layout_height="42dp" android:button="@null" android:text="@string/About_map_select_automation" android:drawableEnd="@drawable/map_switch_selector"/>
        <RadioButton android:textSize="12sp" android:id="@+id/switch_google" android:paddingLeft="12dp" android:paddingRight="12dp" android:layout_width="match_parent" android:layout_height="42dp" android:button="@null" android:text="@string/About_map_select_GoogleMap" android:drawableEnd="@drawable/map_switch_selector"/>
        <RadioButton android:textSize="12sp" android:id="@+id/switch_baidu" android:paddingLeft="12dp" android:paddingRight="12dp" android:layout_width="match_parent" android:layout_height="42dp" android:button="@null" android:text="@string/About_map_select_baiduMap" android:drawableEnd="@drawable/map_switch_selector"/>
    </RadioGroup>
    <TextView android:id="@+id/tv_hit" android:layout_width="wrap_content" android:layout_height="wrap_content" android:layout_margin="12dp"/>
</LinearLayout>
