<?xml version="1.0" encoding="utf-8"?>
<merge xmlns:android="http://schemas.android.com/apk/res/android" xmlns:app="http://schemas.android.com/apk/res-auto" xmlns:aapt="http://schemas.android.com/aapt">
    <com.google.android.exoplayer2.ui.AspectRatioFrameLayout android:layout_gravity="center" android:id="@+id/exo_content_frame" android:layout_width="match_parent" android:layout_height="match_parent">
        <View android:id="@+id/exo_shutter" android:background="@android:color/black" android:layout_width="match_parent" android:layout_height="match_parent"/>
        <ImageView android:id="@+id/exo_artwork" android:layout_width="match_parent" android:layout_height="match_parent" android:scaleType="fitXY"/>
        <com.google.android.exoplayer2.ui.SubtitleView android:id="@+id/exo_subtitles" android:layout_width="match_parent" android:layout_height="match_parent"/>
        <ProgressBar android:layout_gravity="center" android:id="@+id/exo_buffering" android:layout_width="wrap_content" android:layout_height="wrap_content" android:indeterminate="true"/>
        <TextView android:textSize="@dimen/exo_error_message_text_size" android:textColor="@color/exo_white" android:gravity="center" android:layout_gravity="center" android:id="@+id/exo_error_message" android:background="@drawable/exo_rounded_rectangle" android:paddingLeft="@dimen/exo_error_message_text_padding_horizontal" android:paddingTop="@dimen/exo_error_message_text_padding_vertical" android:paddingRight="@dimen/exo_error_message_text_padding_horizontal" android:paddingBottom="@dimen/exo_error_message_text_padding_vertical" android:layout_width="wrap_content" android:layout_height="@dimen/exo_error_message_height" android:layout_marginBottom="@dimen/exo_error_message_margin_bottom"/>
    </com.google.android.exoplayer2.ui.AspectRatioFrameLayout>
    <FrameLayout android:id="@+id/exo_ad_overlay" android:layout_width="match_parent" android:layout_height="match_parent"/>
    <FrameLayout android:id="@+id/exo_overlay" android:layout_width="match_parent" android:layout_height="match_parent"/>
    <View android:id="@+id/exo_controller_placeholder" android:layout_width="match_parent" android:layout_height="match_parent"/>
</merge>
