<?xml version="1.0" encoding="utf-8"?>
<FrameLayout xmlns:android="http://schemas.android.com/apk/res/android" xmlns:app="http://schemas.android.com/apk/res-auto" xmlns:aapt="http://schemas.android.com/aapt" android:background="@android:color/black" android:layout_width="match_parent" android:layout_height="match_parent" android:keepScreenOn="true">
    <RelativeLayout android:gravity="center" android:id="@+id/surface_container" android:background="@android:color/black" android:layout_width="match_parent" android:layout_height="match_parent"/>
    <ProgressBar android:layout_gravity="center" android:id="@+id/video_progress" android:visibility="invisible" android:layout_width="wrap_content" android:layout_height="wrap_content" android:indeterminateTint="@color/running_progress_color"/>
    <androidx.appcompat.widget.AppCompatImageView android:layout_gravity="center" android:id="@+id/btn_play_error" android:visibility="invisible" android:layout_width="wrap_content" android:layout_height="wrap_content"/>
    <FrameLayout android:id="@+id/fl_control_video_view" android:layout_width="match_parent" android:layout_height="match_parent">
        <LinearLayout android:gravity="bottom" android:layout_gravity="bottom|right|center_vertical|center_horizontal|center|end" android:orientation="vertical" android:id="@+id/ll_control_video_full_screen_view" android:visibility="invisible" android:layout_width="wrap_content" android:layout_height="match_parent" android:paddingEnd="26dp" android:layout_marginEnd="18dp">
            <FrameLayout android:id="@+id/dvr_full_screen_cover" android:visibility="visible" android:layout_width="match_parent" android:layout_height="match_parent">
                <androidx.appcompat.widget.AppCompatImageButton android:layout_gravity="end" android:id="@+id/btn_full_change_camera" android:background="@drawable/selector_dvr_pip" android:layout_width="40dp" android:layout_height="40dp" android:layout_marginTop="30dp" android:layout_marginEnd="20dp"/>
                <androidx.appcompat.widget.AppCompatImageButton android:layout_gravity="right|center_vertical|center_horizontal|center|end" android:id="@+id/btn_taking_picture_full_screen" android:background="@drawable/selector_dvr_take_photo" android:layout_width="79dp" android:layout_height="79dp" android:layout_marginEnd="30dp"/>
                <androidx.appcompat.widget.AppCompatImageButton android:layout_gravity="bottom|right|center_vertical|center_horizontal|center|end" android:id="@+id/dvr_half" android:background="@drawable/icon_player_half" android:visibility="visible" android:layout_width="40dp" android:layout_height="40dp" android:layout_marginBottom="10dp" android:layout_marginEnd="15dp"/>
            </FrameLayout>
        </LinearLayout>
        <ImageView android:id="@+id/iv_record_state" android:layout_width="16dp" android:layout_height="16dp" android:layout_marginTop="3dp" android:layout_marginStart="2dp"/>
        <TextView android:textSize="10sp" android:textColor="@color/black" android:layout_gravity="end" android:id="@+id/dvr_camera_status" android:background="@drawable/rectangle_rec_size_bg" android:paddingBottom="2dp" android:visibility="invisible" android:layout_width="wrap_content" android:layout_height="wrap_content" android:layout_margin="5dp" android:paddingStart="6dp" android:paddingEnd="6dp"/>
    </FrameLayout>
</FrameLayout>
